[{"fields": {"hunger_level": 10, "anxiety_level": 10, "chest_pain_level": 0, "stomach_level": 10, "user": 6, "nausea_level": 10, "body_ache_level": 10}, "model": "ipcms.patienthealthconditions", "pk": 1}, {"fields": {"hunger_level": 0, "anxiety_level": 0, "chest_pain_level": 0, "stomach_level": 0, "user": 1, "nausea_level": 0, "body_ache_level": 0}, "model": "ipcms.patienthealthconditions", "pk": 2}, {"fields": {"hunger_level": 0, "anxiety_level": 0, "chest_pain_level": 0, "stomach_level": 0, "user": 2, "nausea_level": 0, "body_ache_level": 0}, "model": "ipcms.patienthealthconditions", "pk": 3}, {"fields": {"current_health_conditions": 2, "resolved": 0, "doctor": 5, "allergies": "None", "pain_level": 9, "user": 1, "date": "2015-10-24 22:07", "medical_conditions": "Heart Ache"}, "model": "ipcms.patientappt", "pk": 1}, {"fields": {"current_health_conditions": 3, "resolved": 1, "doctor": 7, "allergies": "None", "pain_level": 4, "user": 2, "date": "2015-10-24 22:13", "medical_conditions": "Cancer Concerns"}, "model": "ipcms.patientappt", "pk": 2}, {"fields": {"current_health_conditions": 1, "resolved": 0, "doctor": 8, "allergies": "None", "pain_level": 9, "user": 6, "date": "2015-10-24 03:30", "medical_conditions": "Sort Throat"}, "model": "ipcms.patientappt", "pk": 3}, {"fields": {"alert_patient": 6, "alert_level": 50, "alert_description": "SENT BY HOSPITAL SYSTEM"}, "model": "ipcms.alert", "pk": 1}, {"fields": {"alert_patient": 1, "alert_level": 43, "alert_description": "Hurting"}, "model": "ipcms.alert", "pk": 2}, {"fields": {"alert_patient": 5, "alert_level": 4, "alert_description": "Hurting Ears"}, "model": "ipcms.alert", "pk": 3}, {"fields": {"alert_patient": 3, "alert_level": 5, "alert_description": "Stomach Ache"}, "model": "ipcms.alert", "pk": 4}, {"fields": {"model": "doctor", "app_label": "ipcms"}, "model": "contenttypes.contenttype", "pk": 1}, {"fields": {"model": "permissionsrole", "app_label": "ipcms"}, "model": "contenttypes.contenttype", "pk": 2}, {"fields": {"model": "temppatientdata", "app_label": "ipcms"}, "model": "contenttypes.contenttype", "pk": 3}, {"fields": {"model": "patient", "app_label": "ipcms"}, "model": "contenttypes.contenttype", "pk": 4}, {"fields": {"model": "patienthealthconditions", "app_label": "ipcms"}, "model": "contenttypes.contenttype", "pk": 5}, {"fields": {"model": "patientappt", "app_label": "ipcms"}, "model": "contenttypes.contenttype", "pk": 6}, {"fields": {"model": "alert", "app_label": "ipcms"}, "model": "contenttypes.contenttype", "pk": 7}, {"fields": {"model": "logentry", "app_label": "admin"}, "model": "contenttypes.contenttype", "pk": 8}, {"fields": {"model": "permission", "app_label": "auth"}, "model": "contenttypes.contenttype", "pk": 9}, {"fields": {"model": "group", "app_label": "auth"}, "model": "contenttypes.contenttype", "pk": 10}, {"fields": {"model": "user", "app_label": "auth"}, "model": "contenttypes.contenttype", "pk": 11}, {"fields": {"model": "contenttype", "app_label": "contenttypes"}, "model": "contenttypes.contenttype", "pk": 12}, {"fields": {"model": "session", "app_label": "sessions"}, "model": "contenttypes.contenttype", "pk": 13}, {"fields": {"expire_date": "2015-11-08T05:13:54.072Z", "session_data": "ODViM2EyZjBhNjdjNDQ4YzM3MTc5OGVhNjE5YTNmZDNhMjgwMDU5MDp7Il9hdXRoX3VzZXJfaGFzaCI6IjgyYTBkNTM2Yjg2NzM4ZTc4ZDExNDY5MzdmNTJhNjcwMjUxMmU3Y2IiLCJfYXV0aF91c2VyX2JhY2tlbmQiOiJkamFuZ28uY29udHJpYi5hdXRoLmJhY2tlbmRzLk1vZGVsQmFja2VuZCIsIl9hdXRoX3VzZXJfaWQiOiI4In0="}, "model": "sessions.session", "pk": "jcthv9d1e9zz9uciqb0cu21429s1xmw1"}, {"fields": {"expire_date": "2015-11-08T05:12:04.613Z", "session_data": "NzJjNDczNmJhY2YxZDg1NTAxZWI4NzViMTU4YzBhMWEwOWY2ZDg4Yzp7Il9hdXRoX3VzZXJfaGFzaCI6IjQ0ZDI1MjBiNDI3ZGQ3NWVmYThmMGRiNzg2YjkyMGMxZDJkMDk0MDgiLCJfYXV0aF91c2VyX2JhY2tlbmQiOiJkamFuZ28uY29udHJpYi5hdXRoLmJhY2tlbmRzLk1vZGVsQmFja2VuZCIsIl9hdXRoX3VzZXJfaWQiOiIxIn0="}, "model": "sessions.session", "pk": "va7dmgsa6tm8i8fv3aw5j508f9ws6eu5"}, {"fields": {"codename": "add_doctor", "name": "Can add doctor", "content_type": 1}, "model": "auth.permission", "pk": 1}, {"fields": {"codename": "change_doctor", "name": "Can change doctor", "content_type": 1}, "model": "auth.permission", "pk": 2}, {"fields": {"codename": "delete_doctor", "name": "Can delete doctor", "content_type": 1}, "model": "auth.permission", "pk": 3}, {"fields": {"codename": "add_permissionsrole", "name": "Can add permissions role", "content_type": 2}, "model": "auth.permission", "pk": 4}, {"fields": {"codename": "change_permissionsrole", "name": "Can change permissions role", "content_type": 2}, "model": "auth.permission", "pk": 5}, {"fields": {"codename": "delete_permissionsrole", "name": "Can delete permissions role", "content_type": 2}, "model": "auth.permission", "pk": 6}, {"fields": {"codename": "add_temppatientdata", "name": "Can add temp patient data", "content_type": 3}, "model": "auth.permission", "pk": 7}, {"fields": {"codename": "change_temppatientdata", "name": "Can change temp patient data", "content_type": 3}, "model": "auth.permission", "pk": 8}, {"fields": {"codename": "delete_temppatientdata", "name": "Can delete temp patient data", "content_type": 3}, "model": "auth.permission", "pk": 9}, {"fields": {"codename": "add_patient", "name": "Can add patient", "content_type": 4}, "model": "auth.permission", "pk": 10}, {"fields": {"codename": "change_patient", "name": "Can change patient", "content_type": 4}, "model": "auth.permission", "pk": 11}, {"fields": {"codename": "delete_patient", "name": "Can delete patient", "content_type": 4}, "model": "auth.permission", "pk": 12}, {"fields": {"codename": "add_patienthealthconditions", "name": "Can add patient health conditions", "content_type": 5}, "model": "auth.permission", "pk": 13}, {"fields": {"codename": "change_patienthealthconditions", "name": "Can change patient health conditions", "content_type": 5}, "model": "auth.permission", "pk": 14}, {"fields": {"codename": "delete_patienthealthconditions", "name": "Can delete patient health conditions", "content_type": 5}, "model": "auth.permission", "pk": 15}, {"fields": {"codename": "add_patientappt", "name": "Can add patient appt", "content_type": 6}, "model": "auth.permission", "pk": 16}, {"fields": {"codename": "change_patientappt", "name": "Can change patient appt", "content_type": 6}, "model": "auth.permission", "pk": 17}, {"fields": {"codename": "delete_patientappt", "name": "Can delete patient appt", "content_type": 6}, "model": "auth.permission", "pk": 18}, {"fields": {"codename": "add_alert", "name": "Can add alert", "content_type": 7}, "model": "auth.permission", "pk": 19}, {"fields": {"codename": "change_alert", "name": "Can change alert", "content_type": 7}, "model": "auth.permission", "pk": 20}, {"fields": {"codename": "delete_alert", "name": "Can delete alert", "content_type": 7}, "model": "auth.permission", "pk": 21}, {"fields": {"codename": "add_logentry", "name": "Can add log entry", "content_type": 8}, "model": "auth.permission", "pk": 22}, {"fields": {"codename": "change_logentry", "name": "Can change log entry", "content_type": 8}, "model": "auth.permission", "pk": 23}, {"fields": {"codename": "delete_logentry", "name": "Can delete log entry", "content_type": 8}, "model": "auth.permission", "pk": 24}, {"fields": {"codename": "add_permission", "name": "Can add permission", "content_type": 9}, "model": "auth.permission", "pk": 25}, {"fields": {"codename": "change_permission", "name": "Can change permission", "content_type": 9}, "model": "auth.permission", "pk": 26}, {"fields": {"codename": "delete_permission", "name": "Can delete permission", "content_type": 9}, "model": "auth.permission", "pk": 27}, {"fields": {"codename": "add_group", "name": "Can add group", "content_type": 10}, "model": "auth.permission", "pk": 28}, {"fields": {"codename": "change_group", "name": "Can change group", "content_type": 10}, "model": "auth.permission", "pk": 29}, {"fields": {"codename": "delete_group", "name": "Can delete group", "content_type": 10}, "model": "auth.permission", "pk": 30}, {"fields": {"codename": "add_user", "name": "Can add user", "content_type": 11}, "model": "auth.permission", "pk": 31}, {"fields": {"codename": "change_user", "name": "Can change user", "content_type": 11}, "model": "auth.permission", "pk": 32}, {"fields": {"codename": "delete_user", "name": "Can delete user", "content_type": 11}, "model": "auth.permission", "pk": 33}, {"fields": {"codename": "add_contenttype", "name": "Can add content type", "content_type": 12}, "model": "auth.permission", "pk": 34}, {"fields": {"codename": "change_contenttype", "name": "Can change content type", "content_type": 12}, "model": "auth.permission", "pk": 35}, {"fields": {"codename": "delete_contenttype", "name": "Can delete content type", "content_type": 12}, "model": "auth.permission", "pk": 36}, {"fields": {"codename": "add_session", "name": "Can add session", "content_type": 13}, "model": "auth.permission", "pk": 37}, {"fields": {"codename": "change_session", "name": "Can change session", "content_type": 13}, "model": "auth.permission", "pk": 38}, {"fields": {"codename": "delete_session", "name": "Can delete session", "content_type": 13}, "model": "auth.permission", "pk": 39}, {"fields": {"username": "admin", "first_name": "", "last_name": "", "is_active": true, "is_superuser": true, "is_staff": true, "last_login": "2015-10-25T05:12:04.609Z", "groups": [], "user_permissions": [], "password": "pbkdf2_sha256$20000$x8c1tS8eSWsa$MxAybrgIEVuQXiqgp4YTN1eg8g/1iPWwPglqlSFMTEc=", "email": "admin@admin.com", "date_joined": "2015-10-25T04:45:19.716Z"}, "model": "auth.user", "pk": 1}, {"fields": {"username": "patient1", "first_name": "", "last_name": "", "is_active": true, "is_superuser": false, "is_staff": false, "last_login": "2015-10-25T05:07:14.365Z", "groups": [], "user_permissions": [], "password": "pbkdf2_sha256$20000$wvl1u6sIXAQU$FBbp0CkSOjRydVPBEhnNAEb8yyDtM8LT4zcHYsJdsXU=", "email": "", "date_joined": "2015-10-25T04:45:44.939Z"}, "model": "auth.user", "pk": 2}, {"fields": {"username": "patient2", "first_name": "", "last_name": "", "is_active": true, "is_superuser": false, "is_staff": false, "last_login": "2015-10-25T05:13:05.896Z", "groups": [], "user_permissions": [], "password": "pbkdf2_sha256$20000$CJdgXxlhgiAf$RgLvplDGa42/0Rp6wLQW2bp1YjBjkr2yOWQI0CKo7ck=", "email": "", "date_joined": "2015-10-25T04:46:54.713Z"}, "model": "auth.user", "pk": 3}, {"fields": {"username": "patient3", "first_name": "", "last_name": "", "is_active": true, "is_superuser": false, "is_staff": false, "last_login": null, "groups": [], "user_permissions": [], "password": "pbkdf2_sha256$20000$7YdY3Kkcefal$hgRCnxZcgaLKyr/y7kocu7Zf260VbFhh8ZEpD2J4UeM=", "email": "", "date_joined": "2015-10-25T04:47:44.634Z"}, "model": "auth.user", "pk": 4}, {"fields": {"username": "patient4", "first_name": "", "last_name": "", "is_active": true, "is_superuser": false, "is_staff": false, "last_login": null, "groups": [], "user_permissions": [], "password": "pbkdf2_sha256$20000$ybTzt2WnH5bX$zq+pH09bzZsERso/cnIqwwURVvTD/TX8/7SY7iBNVB0=", "email": "", "date_joined": "2015-10-25T04:48:35.804Z"}, "model": "auth.user", "pk": 5}, {"fields": {"username": "patient5", "first_name": "", "last_name": "", "is_active": true, "is_superuser": false, "is_staff": false, "last_login": null, "groups": [], "user_permissions": [], "password": "pbkdf2_sha256$20000$QEXH4Z0ODR96$3r8OdQ6YR+kcBcgN2zku5dKsDwLweMwt8AJORXvGQkQ=", "email": "", "date_joined": "2015-10-25T04:49:33.875Z"}, "model": "auth.user", "pk": 6}, {"fields": {"username": "patient6", "first_name": "", "last_name": "", "is_active": true, "is_superuser": false, "is_staff": false, "last_login": "2015-10-25T05:13:29.787Z", "groups": [], "user_permissions": [], "password": "pbkdf2_sha256$20000$hCiozE3EnqZ3$mdiFO0blGQg7LFhINOrASRdD2fZD1TplTmVNjCRGs4g=", "email": "", "date_joined": "2015-10-25T04:50:34.019Z"}, "model": "auth.user", "pk": 7}, {"fields": {"username": "doctor1", "first_name": "", "last_name": "", "is_active": true, "is_superuser": false, "is_staff": false, "last_login": "2015-10-25T05:13:54.070Z", "groups": [], "user_permissions": [], "password": "pbkdf2_sha256$20000$AwAIO2NtYPR4$v8PbR10ePW0b2GEXJuCk2kKDr/+3cZYHaVL86N49L6w=", "email": "", "date_joined": "2015-10-25T05:00:53.148Z"}, "model": "auth.user", "pk": 8}, {"fields": {"username": "doctor2", "first_name": "", "last_name": "", "is_active": true, "is_superuser": false, "is_staff": false, "last_login": null, "groups": [], "user_permissions": [], "password": "pbkdf2_sha256$20000$hOleVYBqSobF$xWfuNBq7h5/P+J9IST/M42lXr6thAbmYoizfrPioTd4=", "email": "", "date_joined": "2015-10-25T05:01:17.517Z"}, "model": "auth.user", "pk": 9}, {"fields": {"username": "doctor3", "first_name": "", "last_name": "", "is_active": true, "is_superuser": false, "is_staff": false, "last_login": "2015-10-25T05:11:49.666Z", "groups": [], "user_permissions": [], "password": "pbkdf2_sha256$20000$RCoRsy2gpjV0$M4Y6h1Y+1FOBOgRIkj0yNxpkkVGc2q0GzEsDDZYenzw=", "email": "", "date_joined": "2015-10-25T05:01:31.798Z"}, "model": "auth.user", "pk": 10}, {"fields": {"username": "doctor4", "first_name": "", "last_name": "", "is_active": true, "is_superuser": false, "is_staff": false, "last_login": null, "groups": [], "user_permissions": [], "password": "pbkdf2_sha256$20000$BvxSn9Jj3SEI$hfSDSfZ2Wp/MjsGHBOQWT/EaR5OwA2Pexki5xaVJA+Y=", "email": "", "date_joined": "2015-10-25T05:01:51.666Z"}, "model": "auth.user", "pk": 11}, {"fields": {"username": "doctor5", "first_name": "", "last_name": "", "is_active": true, "is_superuser": false, "is_staff": false, "last_login": null, "groups": [], "user_permissions": [], "password": "pbkdf2_sha256$20000$ppyK5wztGKMD$MUgazSsnV0JcPKnT4/4FRMrERlE7W9md/Jxyt+Y0k8k=", "email": "", "date_joined": "2015-10-25T05:02:09.732Z"}, "model": "auth.user", "pk": 12}, {"fields": {"username": "doctor6", "first_name": "", "last_name": "", "is_active": true, "is_superuser": false, "is_staff": false, "last_login": null, "groups": [], "user_permissions": [], "password": "pbkdf2_sha256$20000$YDBZH9xP7625$WqDlDjle1fPtlAhdoUZrZ9/Kj8reqJDQrJ6F1UO4qu0=", "email": "", "date_joined": "2015-10-25T05:02:33.827Z"}, "model": "auth.user", "pk": 13}, {"fields": {"username": "doctor7", "first_name": "", "last_name": "", "is_active": true, "is_superuser": false, "is_staff": false, "last_login": null, "groups": [], "user_permissions": [], "password": "pbkdf2_sha256$20000$rcNJ089Vq3cS$g+Zk/F+lPgr3ZxbAYv8eWEPwgB5ZuUOEl9brBW9+HnI=", "email": "", "date_joined": "2015-10-25T05:02:54.083Z"}, "model": "auth.user", "pk": 14}, {"fields": {"username": "doctor8", "first_name": "", "last_name": "", "is_active": true, "is_superuser": false, "is_staff": false, "last_login": null, "groups": [], "user_permissions": [], "password": "pbkdf2_sha256$20000$lzpShP13koMt$jw2xoEkoSv0MIXQY5i1YEr72BR1apXoXuIjAV8y3CrA=", "email": "", "date_joined": "2015-10-25T05:03:09.973Z"}, "model": "auth.user", "pk": 15}, {"fields": {"username": "doctor9", "first_name": "", "last_name": "", "is_active": true, "is_superuser": false, "is_staff": false, "last_login": null, "groups": [], "user_permissions": [], "password": "pbkdf2_sha256$20000$YhIHWvzLfqtt$Q28sYeXX4WXd//b6h40qFL6lp6WR9xIv83H6Cod6hB8=", "email": "", "date_joined": "2015-10-25T05:03:30.629Z"}, "model": "auth.user", "pk": 16}, {"fields": {"action_flag": 1, "action_time": "2015-10-25T04:45:45.055Z", "object_repr": "patient1", "object_id": "2", "change_message": "", "user": 1, "content_type": 11}, "model": "admin.logentry", "pk": 1}, {"fields": {"action_flag": 1, "action_time": "2015-10-25T04:46:39.772Z", "object_repr": "patient1 patient1 patient1@patient1.com", "object_id": "1", "change_message": "", "user": 1, "content_type": 3}, "model": "admin.logentry", "pk": 2}, {"fields": {"action_flag": 1, "action_time": "2015-10-25T04:46:54.829Z", "object_repr": "patient2", "object_id": "3", "change_message": "", "user": 1, "content_type": 11}, "model": "admin.logentry", "pk": 3}, {"fields": {"action_flag": 1, "action_time": "2015-10-25T04:47:29.650Z", "object_repr": "patient2 patient2 patient2@patient2.com", "object_id": "2", "change_message": "", "user": 1, "content_type": 3}, "model": "admin.logentry", "pk": 4}, {"fields": {"action_flag": 1, "action_time": "2015-10-25T04:47:44.751Z", "object_repr": "patient3", "object_id": "4", "change_message": "", "user": 1, "content_type": 11}, "model": "admin.logentry", "pk": 5}, {"fields": {"action_flag": 1, "action_time": "2015-10-25T04:48:25.758Z", "object_repr": "patient3 patient3 patient3@patient3.com", "object_id": "3", "change_message": "", "user": 1, "content_type": 3}, "model": "admin.logentry", "pk": 6}, {"fields": {"action_flag": 1, "action_time": "2015-10-25T04:48:35.917Z", "object_repr": "patient4", "object_id": "5", "change_message": "", "user": 1, "content_type": 11}, "model": "admin.logentry", "pk": 7}, {"fields": {"action_flag": 1, "action_time": "2015-10-25T04:49:24.457Z", "object_repr": "patient4 patient4 patient4@patient4.com", "object_id": "4", "change_message": "", "user": 1, "content_type": 3}, "model": "admin.logentry", "pk": 8}, {"fields": {"action_flag": 1, "action_time": "2015-10-25T04:49:33.991Z", "object_repr": "patient5", "object_id": "6", "change_message": "", "user": 1, "content_type": 11}, "model": "admin.logentry", "pk": 9}, {"fields": {"action_flag": 1, "action_time": "2015-10-25T04:50:23.789Z", "object_repr": "patient5 patient5 patient5@patient5.com", "object_id": "5", "change_message": "", "user": 1, "content_type": 3}, "model": "admin.logentry", "pk": 10}, {"fields": {"action_flag": 1, "action_time": "2015-10-25T04:50:34.134Z", "object_repr": "patient6", "object_id": "7", "change_message": "", "user": 1, "content_type": 11}, "model": "admin.logentry", "pk": 11}, {"fields": {"action_flag": 1, "action_time": "2015-10-25T04:51:00.355Z", "object_repr": "patient6 patient6 patient6@patient6.com", "object_id": "6", "change_message": "", "user": 1, "content_type": 3}, "model": "admin.logentry", "pk": 12}, {"fields": {"action_flag": 1, "action_time": "2015-10-25T04:51:18.649Z", "object_repr": "patient1", "object_id": "1", "change_message": "", "user": 1, "content_type": 4}, "model": "admin.logentry", "pk": 13}, {"fields": {"action_flag": 1, "action_time": "2015-10-25T04:51:26.300Z", "object_repr": "patient2", "object_id": "2", "change_message": "", "user": 1, "content_type": 4}, "model": "admin.logentry", "pk": 14}, {"fields": {"action_flag": 1, "action_time": "2015-10-25T04:51:32.673Z", "object_repr": "patient3", "object_id": "3", "change_message": "", "user": 1, "content_type": 4}, "model": "admin.logentry", "pk": 15}, {"fields": {"action_flag": 1, "action_time": "2015-10-25T04:51:39.936Z", "object_repr": "patient4", "object_id": "4", "change_message": "", "user": 1, "content_type": 4}, "model": "admin.logentry", "pk": 16}, {"fields": {"action_flag": 1, "action_time": "2015-10-25T04:51:46.721Z", "object_repr": "patient5", "object_id": "5", "change_message": "", "user": 1, "content_type": 4}, "model": "admin.logentry", "pk": 17}, {"fields": {"action_flag": 1, "action_time": "2015-10-25T04:51:53.499Z", "object_repr": "patient6", "object_id": "6", "change_message": "", "user": 1, "content_type": 4}, "model": "admin.logentry", "pk": 18}, {"fields": {"action_flag": 1, "action_time": "2015-10-25T04:52:00.958Z", "object_repr": "patient", "object_id": "1", "change_message": "", "user": 1, "content_type": 2}, "model": "admin.logentry", "pk": 19}, {"fields": {"action_flag": 1, "action_time": "2015-10-25T04:52:06.593Z", "object_repr": "patient", "object_id": "2", "change_message": "", "user": 1, "content_type": 2}, "model": "admin.logentry", "pk": 20}, {"fields": {"action_flag": 1, "action_time": "2015-10-25T04:52:12.282Z", "object_repr": "patient", "object_id": "3", "change_message": "", "user": 1, "content_type": 2}, "model": "admin.logentry", "pk": 21}, {"fields": {"action_flag": 1, "action_time": "2015-10-25T04:52:17.734Z", "object_repr": "patient", "object_id": "4", "change_message": "", "user": 1, "content_type": 2}, "model": "admin.logentry", "pk": 22}, {"fields": {"action_flag": 1, "action_time": "2015-10-25T04:52:27.127Z", "object_repr": "patient", "object_id": "5", "change_message": "", "user": 1, "content_type": 2}, "model": "admin.logentry", "pk": 23}, {"fields": {"action_flag": 1, "action_time": "2015-10-25T04:52:32.613Z", "object_repr": "patient", "object_id": "6", "change_message": "", "user": 1, "content_type": 2}, "model": "admin.logentry", "pk": 24}, {"fields": {"action_flag": 1, "action_time": "2015-10-25T05:00:53.250Z", "object_repr": "doctor1", "object_id": "8", "change_message": "", "user": 1, "content_type": 11}, "model": "admin.logentry", "pk": 25}, {"fields": {"action_flag": 1, "action_time": "2015-10-25T05:01:00.016Z", "object_repr": "Dr. Ryan Schachte - Gynecologist", "object_id": "1", "change_message": "", "user": 1, "content_type": 1}, "model": "admin.logentry", "pk": 26}, {"fields": {"action_flag": 1, "action_time": "2015-10-25T05:01:17.619Z", "object_repr": "doctor2", "object_id": "9", "change_message": "", "user": 1, "content_type": 11}, "model": "admin.logentry", "pk": 27}, {"fields": {"action_flag": 1, "action_time": "2015-10-25T05:01:20.014Z", "object_repr": "Dr. Katelyn Duffy - Neurologist", "object_id": "2", "change_message": "", "user": 1, "content_type": 1}, "model": "admin.logentry", "pk": 28}, {"fields": {"action_flag": 1, "action_time": "2015-10-25T05:01:31.902Z", "object_repr": "doctor3", "object_id": "10", "change_message": "", "user": 1, "content_type": 11}, "model": "admin.logentry", "pk": 29}, {"fields": {"action_flag": 1, "action_time": "2015-10-25T05:01:33.902Z", "object_repr": "Dr. Sang Le - Therapist", "object_id": "3", "change_message": "", "user": 1, "content_type": 1}, "model": "admin.logentry", "pk": 30}, {"fields": {"action_flag": 1, "action_time": "2015-10-25T05:01:51.770Z", "object_repr": "doctor4", "object_id": "11", "change_message": "", "user": 1, "content_type": 11}, "model": "admin.logentry", "pk": 31}, {"fields": {"action_flag": 1, "action_time": "2015-10-25T05:01:53.603Z", "object_repr": "Dr. Wade Kariniemi - Allergist", "object_id": "4", "change_message": "", "user": 1, "content_type": 1}, "model": "admin.logentry", "pk": 32}, {"fields": {"action_flag": 1, "action_time": "2015-10-25T05:02:09.832Z", "object_repr": "doctor5", "object_id": "12", "change_message": "", "user": 1, "content_type": 11}, "model": "admin.logentry", "pk": 33}, {"fields": {"action_flag": 1, "action_time": "2015-10-25T05:02:11.861Z", "object_repr": "Dr. Javier Peralta - Cardiologist", "object_id": "5", "change_message": "", "user": 1, "content_type": 1}, "model": "admin.logentry", "pk": 34}, {"fields": {"action_flag": 1, "action_time": "2015-10-25T05:02:33.931Z", "object_repr": "doctor6", "object_id": "13", "change_message": "", "user": 1, "content_type": 11}, "model": "admin.logentry", "pk": 35}, {"fields": {"action_flag": 1, "action_time": "2015-10-25T05:02:35.701Z", "object_repr": "Dr. John Stamos - Dermatologist", "object_id": "6", "change_message": "", "user": 1, "content_type": 1}, "model": "admin.logentry", "pk": 36}, {"fields": {"action_flag": 1, "action_time": "2015-10-25T05:02:54.184Z", "object_repr": "doctor7", "object_id": "14", "change_message": "", "user": 1, "content_type": 11}, "model": "admin.logentry", "pk": 37}, {"fields": {"action_flag": 1, "action_time": "2015-10-25T05:02:55.686Z", "object_repr": "Dr. Stephen Yau - Oncologist", "object_id": "7", "change_message": "", "user": 1, "content_type": 1}, "model": "admin.logentry", "pk": 38}, {"fields": {"action_flag": 1, "action_time": "2015-10-25T05:03:10.075Z", "object_repr": "doctor8", "object_id": "15", "change_message": "", "user": 1, "content_type": 11}, "model": "admin.logentry", "pk": 39}, {"fields": {"action_flag": 1, "action_time": "2015-10-25T05:03:11.841Z", "object_repr": "Dr. Bryce Holton - Ent", "object_id": "8", "change_message": "", "user": 1, "content_type": 1}, "model": "admin.logentry", "pk": 40}, {"fields": {"action_flag": 1, "action_time": "2015-10-25T05:03:30.730Z", "object_repr": "doctor9", "object_id": "16", "change_message": "", "user": 1, "content_type": 11}, "model": "admin.logentry", "pk": 41}, {"fields": {"action_flag": 1, "action_time": "2015-10-25T05:03:32.579Z", "object_repr": "Dr. Lynda Wilkonson - Plastic Surgeon", "object_id": "9", "change_message": "", "user": 1, "content_type": 1}, "model": "admin.logentry", "pk": 42}, {"fields": {"action_flag": 1, "action_time": "2015-10-25T05:03:44.209Z", "object_repr": "doctor", "object_id": "7", "change_message": "", "user": 1, "content_type": 2}, "model": "admin.logentry", "pk": 43}, {"fields": {"action_flag": 1, "action_time": "2015-10-25T05:03:50.624Z", "object_repr": "doctor", "object_id": "8", "change_message": "", "user": 1, "content_type": 2}, "model": "admin.logentry", "pk": 44}, {"fields": {"action_flag": 1, "action_time": "2015-10-25T05:03:56.089Z", "object_repr": "doctor", "object_id": "9", "change_message": "", "user": 1, "content_type": 2}, "model": "admin.logentry", "pk": 45}, {"fields": {"action_flag": 1, "action_time": "2015-10-25T05:04:01.877Z", "object_repr": "doctor", "object_id": "10", "change_message": "", "user": 1, "content_type": 2}, "model": "admin.logentry", "pk": 46}, {"fields": {"action_flag": 1, "action_time": "2015-10-25T05:04:07.522Z", "object_repr": "doctor", "object_id": "11", "change_message": "", "user": 1, "content_type": 2}, "model": "admin.logentry", "pk": 47}, {"fields": {"action_flag": 1, "action_time": "2015-10-25T05:04:12.920Z", "object_repr": "doctor", "object_id": "12", "change_message": "", "user": 1, "content_type": 2}, "model": "admin.logentry", "pk": 48}, {"fields": {"action_flag": 1, "action_time": "2015-10-25T05:04:18.872Z", "object_repr": "doctor", "object_id": "13", "change_message": "", "user": 1, "content_type": 2}, "model": "admin.logentry", "pk": 49}, {"fields": {"action_flag": 1, "action_time": "2015-10-25T05:04:23.594Z", "object_repr": "doctor", "object_id": "14", "change_message": "", "user": 1, "content_type": 2}, "model": "admin.logentry", "pk": 50}, {"fields": {"action_flag": 1, "action_time": "2015-10-25T05:04:29.166Z", "object_repr": "doctor", "object_id": "15", "change_message": "", "user": 1, "content_type": 2}, "model": "admin.logentry", "pk": 51}, {"fields": {"action_flag": 1, "action_time": "2015-10-25T05:04:37.351Z", "object_repr": "admin", "object_id": "16", "change_message": "", "user": 1, "content_type": 2}, "model": "admin.logentry", "pk": 52}, {"fields": {"action_flag": 2, "action_time": "2015-10-25T05:04:53.606Z", "object_repr": "patient3", "object_id": "3", "change_message": "Changed alertSent.", "user": 1, "content_type": 4}, "model": "admin.logentry", "pk": 53}, {"fields": {"action_flag": 2, "action_time": "2015-10-25T05:04:56.486Z", "object_repr": "patient1", "object_id": "1", "change_message": "Changed alertSent.", "user": 1, "content_type": 4}, "model": "admin.logentry", "pk": 54}, {"fields": {"action_flag": 2, "action_time": "2015-10-25T05:04:59.727Z", "object_repr": "patient5", "object_id": "5", "change_message": "Changed alertSent.", "user": 1, "content_type": 4}, "model": "admin.logentry", "pk": 55}, {"fields": {"action_flag": 1, "action_time": "2015-10-25T05:08:32.780Z", "object_repr": "Alert object", "object_id": "2", "change_message": "", "user": 1, "content_type": 7}, "model": "admin.logentry", "pk": 56}, {"fields": {"action_flag": 1, "action_time": "2015-10-25T05:11:15.247Z", "object_repr": "Alert object", "object_id": "3", "change_message": "", "user": 1, "content_type": 7}, "model": "admin.logentry", "pk": 57}, {"fields": {"action_flag": 1, "action_time": "2015-10-25T05:11:31.566Z", "object_repr": "Alert object", "object_id": "4", "change_message": "", "user": 1, "content_type": 7}, "model": "admin.logentry", "pk": 58}, {"fields": {"action_flag": 2, "action_time": "2015-10-25T05:11:40.676Z", "object_repr": "patient1", "object_id": "1", "change_message": "Changed alertSent.", "user": 1, "content_type": 4}, "model": "admin.logentry", "pk": 59}, {"fields": {"action_flag": 2, "action_time": "2015-10-25T05:14:04.468Z", "object_repr": "Dr. Stephen Yau - Oncologist", "object_id": "2", "change_message": "Changed resolved.", "user": 1, "content_type": 6}, "model": "admin.logentry", "pk": 60}, {"fields": {"fill_from_application": 1, "user": 2, "alertSent": 1, "approved": 1}, "model": "ipcms.patient", "pk": 1}, {"fields": {"fill_from_application": 2, "user": 3, "alertSent": 0, "approved": 1}, "model": "ipcms.patient", "pk": 2}, {"fields": {"fill_from_application": 3, "user": 4, "alertSent": 1, "approved": 1}, "model": "ipcms.patient", "pk": 3}, {"fields": {"fill_from_application": 4, "user": 5, "alertSent": 0, "approved": 1}, "model": "ipcms.patient", "pk": 4}, {"fields": {"fill_from_application": 5, "user": 6, "alertSent": 1, "approved": 1}, "model": "ipcms.patient", "pk": 5}, {"fields": {"fill_from_application": 6, "user": 7, "alertSent": 1, "approved": 1}, "model": "ipcms.patient", "pk": 6}, {"fields": {"phone_number": "+14804528825", "insurance_policy_number": 2253453, "first_name": "patient1", "last_name": "patient1", "ssn": 100569485, "DOB": "2015-10-25", "gender": "male", "age": 18, "address": "3435 E. Johnson Ave.", "data_sent": 1, "insurance_provider": "Allstate", "allergies": "Peanuts, Dogs, Cats", "race": "white", "medications": "Zyrtec", "user": 2, "income": "$0-$10,000", "email_address": "patient1@patient1.com"}, "model": "ipcms.temppatientdata", "pk": 1}, {"fields": {"phone_number": "+14804528825", "insurance_policy_number": 345345, "first_name": "patient2", "last_name": "patient2", "ssn": 100493828, "DOB": "2015-10-25", "gender": "female", "age": 25, "address": "53534 E. Boston Ave", "data_sent": 1, "insurance_provider": "State Farm", "allergies": "None", "race": "american_indian_alaskan_native", "medications": "Nyquil", "user": 3, "income": "$10,001-$30,000", "email_address": "patient2@patient2.com"}, "model": "ipcms.temppatientdata", "pk": 2}, {"fields": {"phone_number": "+14804528825", "insurance_policy_number": 45345, "first_name": "patient3", "last_name": "patient3", "ssn": 342943834, "DOB": "2015-10-25", "gender": "other", "age": 37, "address": "123 E ABC Street", "data_sent": 1, "insurance_provider": "Allstate", "allergies": "None", "race": "hawaiian", "medications": "None", "user": 4, "income": "$30,001-$60,000", "email_address": "patient3@patient3.com"}, "model": "ipcms.temppatientdata", "pk": 3}, {"fields": {"phone_number": "+14804528825", "insurance_policy_number": 235345, "first_name": "patient4", "last_name": "patient4", "ssn": 3453, "DOB": "2015-10-25", "gender": "prefer not to say", "age": 55, "address": "458 E. New York Street", "data_sent": 1, "insurance_provider": "Enterprise Inc", "allergies": "Cats, Chicken Nuggets", "race": "black", "medications": "IbProufen", "user": 5, "income": "$60,001-$85,000", "email_address": "patient4@patient4.com"}, "model": "ipcms.temppatientdata", "pk": 4}, {"fields": {"phone_number": "+14804528825", "insurance_policy_number": 2343, "first_name": "patient5", "last_name": "patient5", "ssn": 234234, "DOB": "2015-10-25", "gender": "prefer not to say", "age": 88, "address": "585 Johnson St.", "data_sent": 1, "insurance_provider": "geico", "allergies": "Lint, Pollen", "race": "asian", "medications": "nasonex", "user": 6, "income": "$85,001-$110,000", "email_address": "patient5@patient5.com"}, "model": "ipcms.temppatientdata", "pk": 5}, {"fields": {"phone_number": "+14804528825", "insurance_policy_number": 0, "first_name": "patient6", "last_name": "patient6", "ssn": 345345, "DOB": "2015-10-25", "gender": "female", "age": 24, "address": "Homeless", "data_sent": 1, "insurance_provider": "None", "allergies": "None", "race": "other", "medications": "None", "user": 7, "income": "$110,001+", "email_address": "patient6@patient6.com"}, "model": "ipcms.temppatientdata", "pk": 6}, {"fields": {"role": "patient", "user": 2}, "model": "ipcms.permissionsrole", "pk": 1}, {"fields": {"role": "patient", "user": 3}, "model": "ipcms.permissionsrole", "pk": 2}, {"fields": {"role": "patient", "user": 4}, "model": "ipcms.permissionsrole", "pk": 3}, {"fields": {"role": "patient", "user": 5}, "model": "ipcms.permissionsrole", "pk": 4}, {"fields": {"role": "patient", "user": 6}, "model": "ipcms.permissionsrole", "pk": 5}, {"fields": {"role": "patient", "user": 7}, "model": "ipcms.permissionsrole", "pk": 6}, {"fields": {"role": "doctor", "user": 8}, "model": "ipcms.permissionsrole", "pk": 7}, {"fields": {"role": "doctor", "user": 9}, "model": "ipcms.permissionsrole", "pk": 8}, {"fields": {"role": "doctor", "user": 10}, "model": "ipcms.permissionsrole", "pk": 9}, {"fields": {"role": "doctor", "user": 11}, "model": "ipcms.permissionsrole", "pk": 10}, {"fields": {"role": "doctor", "user": 12}, "model": "ipcms.permissionsrole", "pk": 11}, {"fields": {"role": "doctor", "user": 13}, "model": "ipcms.permissionsrole", "pk": 12}, {"fields": {"role": "doctor", "user": 14}, "model": "ipcms.permissionsrole", "pk": 13}, {"fields": {"role": "doctor", "user": 15}, "model": "ipcms.permissionsrole", "pk": 14}, {"fields": {"role": "doctor", "user": 16}, "model": "ipcms.permissionsrole", "pk": 15}, {"fields": {"role": "admin", "user": 1}, "model": "ipcms.permissionsrole", "pk": 16}, {"fields": {"doctor_user": 8, "doctor_first_name": "Ryan", "doctor_last_name": "Schachte", "doctor_type": "Gynecologist"}, "model": "ipcms.doctor", "pk": 1}, {"fields": {"doctor_user": 9, "doctor_first_name": "Katelyn", "doctor_last_name": "Duffy", "doctor_type": "Neurologist"}, "model": "ipcms.doctor", "pk": 2}, {"fields": {"doctor_user": 10, "doctor_first_name": "Sang", "doctor_last_name": "Le", "doctor_type": "Therapist"}, "model": "ipcms.doctor", "pk": 3}, {"fields": {"doctor_user": 11, "doctor_first_name": "Wade", "doctor_last_name": "Kariniemi", "doctor_type": "Allergist"}, "model": "ipcms.doctor", "pk": 4}, {"fields": {"doctor_user": 12, "doctor_first_name": "Javier", "doctor_last_name": "Peralta", "doctor_type": "Cardiologist"}, "model": "ipcms.doctor", "pk": 5}, {"fields": {"doctor_user": 13, "doctor_first_name": "John", "doctor_last_name": "Stamos", "doctor_type": "Dermatologist"}, "model": "ipcms.doctor", "pk": 6}, {"fields": {"doctor_user": 14, "doctor_first_name": "Stephen", "doctor_last_name": "Yau", "doctor_type": "Oncologist"}, "model": "ipcms.doctor", "pk": 7}, {"fields": {"doctor_user": 15, "doctor_first_name": "Bryce", "doctor_last_name": "Holton", "doctor_type": "ENT"}, "model": "ipcms.doctor", "pk": 8}, {"fields": {"doctor_user": 16, "doctor_first_name": "Lynda", "doctor_last_name": "Wilkonson", "doctor_type": "Plastic Surgeon"}, "model": "ipcms.doctor", "pk": 9}]